Unnamed: 0,orb.C,orb.N,orb.O,orb.S,cloud.C,cloud.N,cloud.O,cloud.S,protein.C,protein.N,protein.O,protein.S,orb.ALA,orb.ARG,orb.ASN,orb.ASP,orb.CYS,orb.GLN,orb.GLU,orb.GLY,orb.HIS,orb.ILE,orb.LEU,orb.LYS,orb.MET,orb.PHE,orb.PRO,orb.SER,orb.THR,orb.TRP,orb.TYR,orb.VAL,orb.total,cloud.ALA,cloud.ARG,cloud.ASN,cloud.ASP,cloud.CYS,cloud.GLN,cloud.GLU,cloud.GLY,cloud.HIS,cloud.ILE,cloud.LEU,cloud.LYS,cloud.MET,cloud.PHE,cloud.PRO,cloud.SER,cloud.THR,cloud.TRP,cloud.TYR,cloud.VAL,cloud.total,protein.ALA,protein.ARG,protein.ASN,protein.ASP,protein.CYS,protein.GLN,protein.GLU,protein.GLY,protein.HIS,protein.ILE,protein.LEU,protein.LYS,protein.MET,protein.PHE,protein.PRO,protein.SER,protein.THR,protein.TRP,protein.TYR,protein.VAL,protein.total,orb.Volume,orb.Log(Solubility (m at 20ºC)),orb.Hydrophobicity,orb.Isoelectric point,orb.P(helix),orb.nOats in side chain,orb.nSats in side chain,orb.nNats in side chain,orb.Steric hindrance,orb.nH-bonds,orb.Vol / log(solub),orb.Vol / P(helix),orb.Vol / P(sheet),orb.log(Solub) x Flex,orb.Steric hindrance x Flexibility,orb.Flexibility,orb.P(helix)+P(sheet),orb.log(Solub) x Hydrophobicity,orb.Hydrophobicity x Flex.,orb.V / (P(helix)+P(sheet)),orb.Steric hindrance / P(helix),orb.Isoelectric point / P(sheet),orb.P(sheet),orb.Vol x isoelectric point,orb.Isoelectric point / P(helix),orb.P(helix) / P(sheet),orb.Steric hindrance / P(sheet),orb.P(helix) x Flex.,cloud.Volume,cloud.Log(Solubility (m at 20ºC)),cloud.Hydrophobicity,cloud.Isoelectric point,cloud.P(helix),cloud.nOats in side chain,cloud.nSats in side chain,cloud.nNats in side chain,cloud.Steric hindrance,cloud.nH-bonds,cloud.Vol / log(solub),cloud.Vol / P(helix),cloud.Vol / P(sheet),cloud.log(Solub) x Flex,cloud.Steric hindrance x Flexibility,cloud.Flexibility,cloud.P(helix)+P(sheet),cloud.log(Solub) x Hydrophobicity,cloud.Hydrophobicity x Flex.,cloud.V / (P(helix)+P(sheet)),cloud.Steric hindrance / P(helix),cloud.Isoelectric point / P(sheet),cloud.P(sheet),cloud.Vol x isoelectric point,cloud.Isoelectric point / P(helix),cloud.P(helix) / P(sheet),cloud.Steric hindrance / P(sheet),cloud.P(helix) x Flex.,protein.Volume,protein.Log(Solubility (m at 20ºC)),protein.Hydrophobicity,protein.Isoelectric point,protein.P(helix),protein.nOats in side chain,protein.nSats in side chain,protein.nNats in side chain,protein.Steric hindrance,protein.nH-bonds,protein.Vol / log(solub),protein.Vol / P(helix),protein.Vol / P(sheet),protein.log(Solub) x Flex,protein.Steric hindrance x Flexibility,protein.Flexibility,protein.P(helix)+P(sheet),protein.log(Solub) x Hydrophobicity,protein.Hydrophobicity x Flex.,protein.V / (P(helix)+P(sheet)),protein.Steric hindrance / P(helix),protein.Isoelectric point / P(sheet),protein.P(sheet),protein.Vol x isoelectric point,protein.Isoelectric point / P(helix),protein.P(helix) / P(sheet),protein.Steric hindrance / P(sheet),protein.P(helix) x Flex.,1_N1.Volume,3_N1.Volume,1_N1.Log(Solubility (m at 20ºC)),3_N1.Log(Solubility (m at 20ºC)),1_N1.Hydrophobicity,3_N1.Hydrophobicity,1_N1.Isoelectric point,3_N1.Isoelectric point,1_N1.P(helix),3_N1.P(helix),1_N1.nOats in side chain,3_N1.nOats in side chain,1_N1.nSats in side chain,3_N1.nSats in side chain,1_N1.nNats in side chain,3_N1.nNats in side chain,1_N1.Steric hindrance,3_N1.Steric hindrance,1_N1.nH-bonds,3_N1.nH-bonds,1_N1.Vol / log(solub),3_N1.Vol / log(solub),1_N1.Vol / P(helix),3_N1.Vol / P(helix),1_N1.Vol / P(sheet),3_N1.Vol / P(sheet),1_N1.log(Solub) x Flex,3_N1.log(Solub) x Flex,1_N1.Steric hindrance x Flexibility,3_N1.Steric hindrance x Flexibility,1_N1.Flexibility,3_N1.Flexibility,1_N1.P(helix)+P(sheet),3_N1.P(helix)+P(sheet),1_N1.log(Solub) x Hydrophobicity,3_N1.log(Solub) x Hydrophobicity,1_N1.Hydrophobicity x Flex.,3_N1.Hydrophobicity x Flex.,1_N1.V / (P(helix)+P(sheet)),3_N1.V / (P(helix)+P(sheet)),1_N1.Steric hindrance / P(helix),3_N1.Steric hindrance / P(helix),1_N1.Isoelectric point / P(sheet),3_N1.Isoelectric point / P(sheet),1_N1.P(sheet),3_N1.P(sheet),1_N1.Vol x isoelectric point,3_N1.Vol x isoelectric point,1_N1.Isoelectric point / P(helix),3_N1.Isoelectric point / P(helix),1_N1.P(helix) / P(sheet),3_N1.P(helix) / P(sheet),1_N1.Steric hindrance / P(sheet),3_N1.Steric hindrance / P(sheet),1_N1.P(helix) x Flex.,3_N1.P(helix) x Flex.,1_N3.Volume,3_N3.Volume,1_N3.Log(Solubility (m at 20ºC)),3_N3.Log(Solubility (m at 20ºC)),1_N3.Hydrophobicity,3_N3.Hydrophobicity,1_N3.Isoelectric point,3_N3.Isoelectric point,1_N3.P(helix),3_N3.P(helix),1_N3.nOats in side chain,3_N3.nOats in side chain,1_N3.nSats in side chain,3_N3.nSats in side chain,1_N3.nNats in side chain,3_N3.nNats in side chain,1_N3.Steric hindrance,3_N3.Steric hindrance,1_N3.nH-bonds,3_N3.nH-bonds,1_N3.Vol / log(solub),3_N3.Vol / log(solub),1_N3.Vol / P(helix),3_N3.Vol / P(helix),1_N3.Vol / P(sheet),3_N3.Vol / P(sheet),1_N3.log(Solub) x Flex,3_N3.log(Solub) x Flex,1_N3.Steric hindrance x Flexibility,3_N3.Steric hindrance x Flexibility,1_N3.Flexibility,3_N3.Flexibility,1_N3.P(helix)+P(sheet),3_N3.P(helix)+P(sheet),1_N3.log(Solub) x Hydrophobicity,3_N3.log(Solub) x Hydrophobicity,1_N3.Hydrophobicity x Flex.,3_N3.Hydrophobicity x Flex.,1_N3.V / (P(helix)+P(sheet)),3_N3.V / (P(helix)+P(sheet)),1_N3.Steric hindrance / P(helix),3_N3.Steric hindrance / P(helix),1_N3.Isoelectric point / P(sheet),3_N3.Isoelectric point / P(sheet),1_N3.P(sheet),3_N3.P(sheet),1_N3.Vol x isoelectric point,3_N3.Vol x isoelectric point,1_N3.Isoelectric point / P(helix),3_N3.Isoelectric point / P(helix),1_N3.P(helix) / P(sheet),3_N3.P(helix) / P(sheet),1_N3.Steric hindrance / P(sheet),3_N3.Steric hindrance / P(sheet),1_N3.P(helix) x Flex.,3_N3.P(helix) x Flex.,1_N5.Volume,3_N5.Volume,1_N5.Log(Solubility (m at 20ºC)),3_N5.Log(Solubility (m at 20ºC)),1_N5.Hydrophobicity,3_N5.Hydrophobicity,1_N5.Isoelectric point,3_N5.Isoelectric point,1_N5.P(helix),3_N5.P(helix),1_N5.nOats in side chain,3_N5.nOats in side chain,1_N5.nSats in side chain,3_N5.nSats in side chain,1_N5.nNats in side chain,3_N5.nNats in side chain,1_N5.Steric hindrance,3_N5.Steric hindrance,1_N5.nH-bonds,3_N5.nH-bonds,1_N5.Vol / log(solub),3_N5.Vol / log(solub),1_N5.Vol / P(helix),3_N5.Vol / P(helix),1_N5.Vol / P(sheet),3_N5.Vol / P(sheet),1_N5.log(Solub) x Flex,3_N5.log(Solub) x Flex,1_N5.Steric hindrance x Flexibility,3_N5.Steric hindrance x Flexibility,1_N5.Flexibility,3_N5.Flexibility,1_N5.P(helix)+P(sheet),3_N5.P(helix)+P(sheet),1_N5.log(Solub) x Hydrophobicity,3_N5.log(Solub) x Hydrophobicity,1_N5.Hydrophobicity x Flex.,3_N5.Hydrophobicity x Flex.,1_N5.V / (P(helix)+P(sheet)),3_N5.V / (P(helix)+P(sheet)),1_N5.Steric hindrance / P(helix),3_N5.Steric hindrance / P(helix),1_N5.Isoelectric point / P(sheet),3_N5.Isoelectric point / P(sheet),1_N5.P(sheet),3_N5.P(sheet),1_N5.Vol x isoelectric point,3_N5.Vol x isoelectric point,1_N5.Isoelectric point / P(helix),3_N5.Isoelectric point / P(helix),1_N5.P(helix) / P(sheet),3_N5.P(helix) / P(sheet),1_N5.Steric hindrance / P(sheet),3_N5.Steric hindrance / P(sheet),1_N5.P(helix) x Flex.,3_N5.P(helix) x Flex.
A0A420YH07_FMN,16,3,5,0,0,0,0,0,3203,913,957,15,0,1,1,0,0,0,0,0,0,0,0,0,1,0,0,1,1,0,2,0,7,0,0,0,0,0,0,0,0,0,0,0,0,0,0,0,0,0,0,0,0,0,50,53,25,53,6,24,38,39,15,32,69,26,9,24,40,35,32,8,17,46,641,148.95714285714286,-0.8121955768494457,0.2514285714285714,6.512857142857143,0.2657142857142857,0.7142857142857143,0.1428571428571428,0.5714285714285714,2.358571428571428,3.4285714285714284,213.75349111682323,571.477336197637,472.2923214851353,-6.556839209450504,26.63314285714285,12.828571428571427,0.5871428571428571,-0.7186544910105926,2.4322857142857144,251.15613740931485,9.25740422484783,21.99465259237473,0.3214285714285714,983.6312857142856,25.19341926244181,0.8713109567552078,7.344739826085644,3.1837142857142857,0.0,0.0,0.0,0.0,0.0,0.0,0.0,0.0,0.0,0.0,0.0,0.0,0.0,0.0,0.0,0.0,0.0,0.0,0.0,0.0,0.0,0.0,0.0,0.0,0.0,0.0,0.0,0.0,134.94555382215285,-0.3520555083846201,0.3386895475819032,6.187020280811232,0.2916068642745709,0.4914196567862715,0.0234009360374415,0.4243369734789392,2.20396255850234,2.154446177847114,163.87818420982742,493.5567888767936,474.467638781846,-3.319464609848096,18.332770670826832,11.882059282371294,0.5883931357254293,-0.1955466136886617,1.6248767550702026,229.9904015602628,8.21809392068542,22.562891243091133,0.2967862714508581,859.0606973478939,24.10963043434509,1.0724556506909304,7.130423526595038,3.152446177847114,114.1,171.76666666666665,-0.721246399047171,-0.6190601733189766,-0.6,0.2133333333333333,6.52,7.733333333333333,0.21,0.2966666666666666,1.0,0.3333333333333333,0.0,0.0,1.0,1.6666666666666667,1.6,2.3833333333333333,5.0,4.333333333333333,-158.198363486786,1013.2551383812546,543.333333333333,578.9583333333334,518.636363636364,584.8724386724385,-14.4249279809434,-6.233518540814199,32.0,18.320666666666664,20.0,9.466666666666669,0.43,0.5933333333333334,0.432747839428303,-0.763287051932374,-12.0,-2.6986666666666665,265.348837209302,285.816323376369,7.61904761904762,8.050099206349207,29.6363636363636,28.91307359307357,0.22,0.2966666666666666,743.932,1319.7933333333333,31.047619047619,26.48115079365077,0.954545454545455,1.0521500721500725,7.27272727272727,8.091861471861469,4.2,2.357333333333333,173.4,171.76666666666665,0.0511525224473813,-0.6190601733189766,-1.01,0.2133333333333333,10.74,7.733333333333333,0.36,0.2966666666666666,0.0,0.3333333333333333,0.0,0.0,3.0,1.6666666666666667,2.34,2.3833333333333333,7.0,4.333333333333333,3389.86215544639,1013.2551383812546,481.666666666667,578.9583333333334,693.6,584.8724386724385,0.235301603257954,-6.233518540814199,10.764,18.320666666666664,4.6,9.466666666666669,0.61,0.5933333333333334,-0.0516640476718551,-0.763287051932374,-4.646,-2.6986666666666665,284.262295081967,285.816323376369,6.5,8.050099206349207,42.96,28.91307359307357,0.25,0.2966666666666666,1862.316,1319.7933333333333,29.8333333333333,26.48115079365077,1.44,1.0521500721500725,9.36,8.091861471861469,1.656,2.357333333333333,193.6,167.1,-2.52287874528034,-1.922334629869284,0.96,0.4399999999999999,5.66,5.946666666666666,0.25,0.2366666666666666,1.0,1.0,0.0,0.0,0.0,0.3333333333333333,2.94,2.4933333333333336,3.0,3.6666666666666665,-76.7377347651671,-103.8912776723734,774.4,697.3777777777777,472.19512195122,487.675535846268,-19.1738784641306,-17.590894969734865,22.344,25.56266666666667,7.6,11.733333333333334,0.66,0.5833333333333334,-2.42196359546912,-1.4703931171699791,7.296,0.8640000000000002,293.333333333333,284.005167958656,11.76,10.37968253968254,13.8048780487805,19.0820399113082,0.41,0.3466666666666667,1095.776,978.4946666666668,22.64,25.44253968253967,0.609756097560976,0.7246858832224691,7.17073170731707,7.204730229120469,1.9,2.6666666666666665
Q7SEJ6_FMN,28,5,10,0,1,0,1,0,3503,964,1053,20,0,0,0,0,0,0,2,0,0,0,0,1,0,1,0,2,2,1,0,0,9,0,0,0,0,0,0,0,0,0,0,0,0,0,0,0,1,0,0,0,0,1,49,47,28,42,8,27,53,45,13,33,66,35,12,32,46,40,49,10,21,41,697,141.47777777777776,-0.3622575572943554,0.2455555555555555,5.597777777777777,0.2888888888888888,0.8888888888888888,0.0,0.2222222222222222,2.2044444444444444,2.6666666666666665,-257.98172751292725,502.94576719576736,473.9301958600203,-0.4639037468949023,22.044444444444444,11.444444444444445,0.5966666666666667,-0.3107679894372953,1.348888888888889,232.2702321484049,8.347023809523803,18.59087533648938,0.3077777777777777,809.379,21.525429894179904,1.0368668585042855,7.047479810637706,2.8897777777777782,89.0,0.541579243946581,-0.04,5.7,0.2,1.0,0.0,0.0,1.31,3.0,164.334215158324,445.0,317.857142857143,13.5394810986645,32.75,25.0,0.48,-0.0216631697578632,-1.0,185.416666666667,6.55,20.3571428571429,0.28,507.3,28.5,0.714285714285714,4.67857142857143,5.0,134.98809182209467,-0.3398377090031316,0.3424103299856528,6.153113342898135,0.2889096126255379,0.509325681492109,0.0286944045911047,0.3830703012912482,2.192496413199426,2.140602582496413,96.17357379796826,499.5500654174816,472.1140293921948,-2.861681613474846,18.29070444763271,11.864562410329984,0.5866571018651363,-0.2103292426634429,1.9309268292682924,230.2690025761827,8.30725378166835,22.36061331893396,0.2977474892395982,851.1395566714492,24.470886780750316,1.0603561891100517,7.048536456661897,3.0979454806312763,138.4,148.46666666666667,-1.22184874961636,-0.738860805547865,-0.64,-0.7566666666666667,3.09,5.390000000000001,0.42,0.3866666666666666,2.0,1.3333333333333333,0.0,0.0,0.0,0.3333333333333333,1.56,1.67,4.0,3.6666666666666665,-113.270975678009,171.93765773188937,329.52380952381,395.30753968254,659.047619047619,647.5132275132274,-9.89697487189249,-6.340586154327319,12.636,10.566,8.1,6.533333333333334,0.63,0.6166666666666667,0.781983199754468,0.4463741559152339,-5.184,-4.578,219.68253968254,241.70926374316232,3.71428571428571,4.444940476190474,14.7142857142857,22.14285714285713,0.21,0.2299999999999999,427.656,846.542,7.35714285714286,15.311011904761909,2.0,1.7283950617283967,7.42857142857143,7.285714285714287,3.402,2.630666666666667,89.0,124.56666666666668,0.541579243946581,0.2278553813585855,-0.04,-0.2566666666666666,5.7,7.096666666666667,0.2,0.2433333333333333,1.0,0.6666666666666666,0.0,0.0,0.0,0.3333333333333333,1.31,2.0766666666666667,3.0,3.0,164.334215158324,-152.37884155313,445.0,508.2440476190477,317.857142857143,421.600529100529,13.5394810986645,4.458420790802693,32.75,24.168666666666667,25.0,13.133333333333333,0.48,0.5466666666666665,-0.0216631697578632,-0.0895468096535613,-1.0,-0.5019999999999999,185.416666666667,224.9545296857967,6.55,8.961607142857133,20.3571428571429,24.30423280423284,0.28,0.3033333333333333,507.3,947.258,28.5,28.7951388888889,0.714285714285714,0.8276014109347457,4.67857142857143,6.6984126984127,5.0,2.799333333333333,138.4,114.5,-1.22184874961636,-0.2551325627099095,-0.64,-0.1399999999999999,3.09,4.796666666666667,0.42,0.2766666666666666,2.0,1.3333333333333333,0.0,0.0,0.0,0.0,1.56,1.9666666666666668,4.0,3.333333333333333,-113.270975678009,-437.58747496302834,329.52380952381,442.4603174603176,659.047619047619,433.1349206349207,-9.89697487189249,0.9020320732375204,12.636,26.238666666666663,8.1,14.7,0.63,0.5599999999999999,0.781983199754468,0.2460622341856726,-5.184,-1.108,219.68253968254,202.92780562517436,3.71428571428571,8.23095238095237,14.7142857142857,16.875661375661398,0.21,0.2833333333333333,427.656,528.372,7.35714285714286,20.84126984126985,2.0,1.099206349206349,7.42857142857143,6.841269841269843,3.402,3.5706666666666664
126446187_FMN,19,6,6,0,2,0,1,0,997,271,282,7,0,1,0,1,0,1,1,2,0,1,1,0,0,0,2,1,0,0,0,0,11,0,1,0,0,0,0,1,0,0,0,0,0,0,0,0,0,0,0,0,0,2,22,11,9,11,4,10,13,8,3,16,25,12,3,7,13,8,5,2,3,14,199,121.33636363636366,-0.0743314198134881,0.2054545454545454,5.995454545454546,0.2545454545454545,0.5454545454545454,0.0,0.3636363636363636,1.8627272727272728,2.090909090909091,277.3939234490928,521.9635475635476,470.33324105790905,0.3444710834854525,12.313909090909087,14.127272727272723,0.520909090909091,0.0914521887677294,-0.5936363636363636,231.02343649258543,8.107475857475853,24.474623190429643,0.2663636363636363,746.687,29.70958485958485,1.0242778284334262,6.279906820988416,2.946,155.9,-0.5853481135844893,-0.825,6.915,0.39,1.0,0.0,1.5,1.95,5.5,1638.2955898841903,405.5952380952385,676.3238095238096,-4.830836634317269,11.7,6.35,0.62,0.3651595760413064,-4.915,251.97241738225352,5.107142857142855,28.83714285714285,0.2299999999999999,1144.986,18.59523809523808,1.72,8.394285714285715,2.529,136.41758793969848,-0.3354073074461079,0.4437688442211054,6.215427135678392,0.3043718592964823,0.4170854271356783,0.0351758793969849,0.3618090452261306,2.245678391959799,1.884422110552764,113.36668653835332,483.2471172230254,471.6244177615616,-3.272207636492058,17.95743216080402,11.064321608040204,0.6066834170854272,-0.2446375288864942,2.824592964824121,226.1314285005846,8.184467180875656,22.170897184443927,0.3023115577889447,866.7045979899498,23.30787979287271,1.1062558481492442,7.167246893944634,3.184105527638192,112.7,139.26666666666665,1.05300157040031,-0.315376902689489,0.72,0.5933333333333333,6.8,5.31,0.13,0.3133333333333333,0.0,0.6666666666666666,0.0,0.0,0.0,0.0,2.67,2.273333333333333,0.0,1.3333333333333333,107.027380744699,-73.56948360733934,866.923076923077,541.2942612942614,331.470588235294,509.420047588928,0.105300157040031,-5.85483666779221,0.267,12.934333333333331,0.1,6.066666666666666,0.47,0.6,0.758161130688222,0.0729207771311933,0.072,3.962666666666666,239.787234042553,232.53754362265,20.5384615384615,10.297924297924284,20.0,18.06605222734253,0.34,0.2866666666666667,766.36,733.628,52.3076923076923,25.050671550671552,0.382352941176471,1.2134724857685004,7.85294117647059,7.878783771573147,0.013,2.438333333333333,138.4,159.5,-1.22184874961636,-0.5956269537295159,-0.64,0.05,3.09,6.623333333333334,0.42,0.36,2.0,0.6666666666666666,0.0,0.0,0.0,1.0,1.56,2.6966666666666668,4.0,3.6666666666666665,-113.270975678009,1002.0184614981824,329.52380952381,455.619047619048,659.047619047619,574.364021164021,-9.89697487189249,-3.692965975626516,12.636,11.012333333333332,8.1,5.0,0.63,0.6633333333333333,0.781983199754468,-0.126271063050869,-5.184,-1.8966666666666667,219.68253968254,242.070500477058,3.71428571428571,8.06031746031747,14.7142857142857,23.69883597883597,0.21,0.3033333333333333,427.656,1098.9466666666667,7.35714285714286,19.107936507936486,2.0,1.368888888888889,7.42857142857143,8.69989417989418,3.402,1.916,143.8,115.16666666666669,-0.536107011014093,0.3528246011109326,-0.22,0.1533333333333333,5.65,6.050000000000001,0.36,0.23,1.0,0.6666666666666666,0.0,0.0,1.0,0.3333333333333333,1.56,1.846666666666667,5.0,2.6666666666666665,-268.23003065748,1.0438550818476813,399.444444444445,570.4558404558406,575.2,408.1759103641457,-3.85997047930147,3.261603592134353,11.232,14.749666666666668,7.2,10.766666666666667,0.61,0.5199999999999999,0.1179435424231,0.2848138344511529,-1.584,-0.8373333333333334,235.737704918033,220.31386854241768,4.33333333333333,10.47393162393161,22.6,20.985714285714295,0.25,0.29,812.47,695.3766666666667,15.6944444444444,32.1673789173789,1.44,0.845546218487395,6.24,6.25717086834734,2.592,2.535
Q7SEJ6_FAD,23,4,11,0,0,0,0,0,3503,964,1053,20,0,0,0,1,0,0,1,2,0,0,0,0,0,0,0,2,3,0,1,0,10,0,0,0,0,0,0,0,0,0,0,0,0,0,0,0,0,0,0,0,0,0,49,47,28,42,8,27,53,45,13,33,66,35,12,32,46,40,49,10,21,41,697,108.96,-0.3281910156023899,0.0249999999999999,5.203999999999999,0.221,1.0,0.0,0.0,1.781,2.6,-380.3233589890789,502.15106227106224,409.129036004646,0.7949683040428166,23.247,19.67,0.497,-0.0656140086944079,-0.6708,217.1076441102758,7.825999999999992,21.15834494773522,0.276,554.5871,27.21817582417584,0.8771660859465736,5.720644599303137,3.7372,0.0,0.0,0.0,0.0,0.0,0.0,0.0,0.0,0.0,0.0,0.0,0.0,0.0,0.0,0.0,0.0,0.0,0.0,0.0,0.0,0.0,0.0,0.0,0.0,0.0,0.0,0.0,0.0,134.98809182209467,-0.3398377090031316,0.3424103299856528,6.153113342898135,0.2889096126255379,0.509325681492109,0.0286944045911047,0.3830703012912482,2.192496413199426,2.140602582496413,96.17357379796826,499.5500654174816,472.1140293921948,-2.861681613474846,18.29070444763271,11.864562410329984,0.5866571018651363,-0.2103292426634429,1.9309268292682924,230.2690025761827,8.30725378166835,22.36061331893396,0.2977474892395982,851.1395566714492,24.470886780750316,1.0603561891100517,7.048536456661897,3.0979454806312763,193.6,179.16666666666666,-2.52287874528034,-1.2650311903658098,0.96,1.1566666666666665,5.66,5.733333333333333,0.25,0.26,1.0,0.6666666666666666,0.0,0.0,0.0,0.3333333333333333,2.94,3.06,3.0,2.333333333333333,-76.7377347651671,-544.1539253168024,774.4,679.7107142857143,472.19512195122,445.6920247773907,-19.1738784641306,-8.2070725719824,22.344,22.624,7.6,7.466666666666668,0.66,0.6566666666666666,-2.42196359546912,-1.7050139568207587,7.296,6.235333333333334,293.333333333333,268.28512723249565,11.76,12.0732738095238,13.8048780487805,14.501096915731068,0.41,0.3966666666666666,1095.776,1033.0226666666667,22.64,22.623055555555567,0.609756097560976,0.6516647309330237,7.17073170731707,7.743418505613626,1.9,1.8086666666666664,227.8,170.13333333333333,-1.18708664335714,-1.0561287148969665,2.25,1.0566666666666666,5.94,5.766666666666667,0.32,0.2566666666666666,0.0,0.6666666666666666,0.0,0.0,1.0,0.3333333333333333,3.21,2.486666666666667,1.0,2.333333333333333,-191.89837681584,-34.76729880756104,711.875,643.7583333333333,542.380952380952,444.1444057297717,-4.51092924475715,-3.3817755367410838,12.198,22.430666666666667,3.8,12.133333333333333,0.74,0.6266666666666666,-2.67094494755357,-1.7048572375935176,8.55,4.948666666666667,307.837837837838,262.195945945946,10.03125,9.447083333333332,14.1428571428571,16.101626016260166,0.42,0.3699999999999999,1353.132,985.4026666666668,18.5625,23.234166666666667,0.761904761904762,0.6953155245838173,7.64285714285714,6.49738675958188,1.216,2.7053333333333334,193.6,147.70000000000002,-2.52287874528034,-1.7216479660932966,0.96,-0.15,5.66,3.9,0.25,0.3066666666666666,1.0,1.6666666666666667,0.0,0.0,0.0,0.0,2.94,2.033333333333333,3.0,3.6666666666666665,-76.7377347651671,-89.41207514798248,774.4,516.1079365079366,472.19512195122,562.2475803329463,-19.1738784641306,-19.158393801228964,22.344,22.326666666666668,7.6,11.9,0.66,0.5800000000000001,-2.42196359546912,-0.1821379217031974,7.296,-4.429333333333333,293.333333333333,253.3015873015873,11.76,7.291428571428571,13.8048780487805,14.423054587688734,0.41,0.2733333333333333,1095.776,617.0590000000001,22.64,13.932380952380951,0.609756097560976,1.2865853658536588,7.17073170731707,7.533101045296167,1.9,3.434
A0A2T9WMP3_FMN,16,4,6,0,0,0,0,0,1693,476,495,16,2,1,0,0,0,0,1,0,0,0,1,1,0,0,0,2,0,0,0,0,8,0,0,0,0,0,0,0,0,0,0,0,0,0,0,0,0,0,0,0,0,0,40,25,6,8,8,9,31,19,10,12,39,18,8,9,16,32,14,6,13,19,342,125.2875,-0.011927193705119,-0.05,6.6850000000000005,0.3412499999999999,0.5,0.0,0.5,1.6950000000000005,2.5,598.3345236785149,384.675766941392,490.1228834123645,2.522230045892517,20.91325,14.0125,0.59875,-0.0863904551396286,1.6204999999999998,208.91239021506112,5.244599931318681,26.00035964736525,0.2575,884.8057500000001,21.248955471611733,1.370499380366141,6.578873472250052,4.39575,0.0,0.0,0.0,0.0,0.0,0.0,0.0,0.0,0.0,0.0,0.0,0.0,0.0,0.0,0.0,0.0,0.0,0.0,0.0,0.0,0.0,0.0,0.0,0.0,0.0,0.0,0.0,0.0,134.35058479532165,-0.3033648506232428,0.3750292397660818,6.26625730994152,0.3037426900584796,0.4444444444444444,0.0467836257309941,0.391812865497076,2.115204678362573,2.038011695906433,180.57191773771265,475.609056572202,470.1372767137465,-1.4708946089175647,18.790859649122805,12.319590643274852,0.5996198830409356,-0.2898949921822216,3.4745555555555554,223.90590015430357,7.636330676125365,22.783639648703577,0.2958771929824562,862.179941520468,23.67826460432017,1.1217155135182966,6.87551199689265,3.4036783625730997,173.4,133.4,0.0511525224473813,-0.0661670351778989,-1.01,0.2299999999999999,10.74,7.616666666666667,0.36,0.2933333333333333,0.0,0.0,0.0,0.0,3.0,1.0,2.34,1.643333333333333,7.0,2.333333333333333,3389.86215544639,1096.434299576679,481.666666666667,457.136752136752,693.6,544.0028673835127,0.235301603257954,4.346677482905328,10.764,12.221333333333334,4.6,17.866666666666667,0.61,0.5299999999999999,-0.0516640476718551,-0.457682015573655,-4.646,4.117999999999999,284.262295081967,245.68266978922705,6.5,4.38034188034188,42.96,34.303512544802864,0.25,0.2366666666666666,1862.316,1077.997,29.8333333333333,30.670940170940167,1.44,1.1882437275985656,9.36,5.90494623655914,1.656,3.542,168.6,133.79999999999998,0.227115082589125,0.077529105173871,-0.99,-0.4166666666666667,9.99,7.113333333333333,0.32,0.2933333333333333,0.0,0.6666666666666666,0.0,0.0,1.0,0.6666666666666666,1.89,1.586666666666667,3.0,3.6666666666666665,742.354924551686,212.81970301751,526.875,457.1064814814817,624.444444444444,505.8338624338624,0.772191280803026,3.4839006333886853,6.426,16.802666666666667,3.4,11.866666666666667,0.59,0.5599999999999999,-0.224843931763234,-0.0428545196993324,-3.366,-1.9833333333333332,285.762711864407,235.63902781636895,5.90625,5.596527777777776,37.0,26.65238095238097,0.27,0.2666666666666666,1684.314,1001.3613333333334,31.21875,25.137731481481467,1.18518518518519,1.1131569664903014,7.0,5.972857142857143,1.088,2.893333333333333,89.0,114.76666666666664,0.541579243946581,0.0118133443477473,-0.04,0.6566666666666666,5.7,5.95,0.2,0.3366666666666666,1.0,0.3333333333333333,0.0,0.0,0.0,0.0,1.31,1.7266666666666666,3.0,1.0,164.334215158324,92.21087153655736,445.0,361.129426129426,317.857142857143,413.60548988178726,13.5394810986645,3.549081177741245,32.75,27.23,25.0,17.666666666666668,0.48,0.61,-0.0216631697578632,-0.4196634767475863,-1.0,7.1933333333333325,185.416666666667,186.62240537240527,6.55,5.412881562881563,20.3571428571429,22.135410405396367,0.28,0.2733333333333334,507.3,685.1713333333333,28.5,19.51159951159953,0.714285714285714,1.266145728978828,4.67857142857143,6.199542509851066,5.0,5.4866666666666655
427325950_FMN,16,3,3,0,0,0,0,0,1188,347,338,5,0,1,0,0,0,2,1,0,0,0,0,0,0,2,0,0,0,0,1,0,7,0,0,0,0,0,0,0,0,0,0,0,0,0,0,0,0,0,0,0,0,0,22,21,9,13,1,10,18,11,13,12,26,5,4,9,8,11,8,4,8,17,230,167.54285714285714,-0.9006987359601366,0.35,6.018571428571428,0.3357142857142857,0.7142857142857143,0.0,0.7142857142857143,2.2628571428571425,3.4285714285714284,309.9798417914588,521.4970521541953,567.8166321727665,-6.893238440916903,16.127999999999997,7.128571428571428,0.64,-0.6015357457151553,3.0722857142857136,261.04042709980166,7.177278911564625,20.931609860889143,0.3042857142857142,1023.4505714285716,18.431337868480707,1.2155290665688612,7.416141049487831,2.386,0.0,0.0,0.0,0.0,0.0,0.0,0.0,0.0,0.0,0.0,0.0,0.0,0.0,0.0,0.0,0.0,0.0,0.0,0.0,0.0,0.0,0.0,0.0,0.0,0.0,0.0,0.0,0.0,138.8691304347826,-0.4293009997384686,0.375695652173913,6.212260869565218,0.3067826086956522,0.4695652173913043,0.0217391304347826,0.508695652173913,2.254391304347826,2.208695652173913,183.80516611966425,479.94410152660487,484.65325890127167,-3.324523606825396,18.283165217391304,11.246086956521738,0.605086956521739,-0.2685204462934155,2.1211478260869567,230.2118693883008,7.911671078524507,22.488417682355752,0.298304347826087,884.028991304348,22.609758174159964,1.1246491475536575,7.296947972386234,3.183730434782609,173.4,151.86666666666667,0.0511525224473813,-0.5689344127276905,-1.01,-0.6233333333333334,10.74,6.493333333333333,0.36,0.3799999999999999,0.0,1.0,0.0,0.0,3.0,1.3333333333333333,2.34,1.82,7.0,5.333333333333333,3389.86215544639,1002.7870497036336,481.666666666667,403.544973544974,693.6,642.615873015873,0.235301603257954,-4.507214582645336,10.764,11.544,4.6,6.633333333333333,0.61,0.6166666666666667,-0.0516640476718551,0.2827542315019042,-4.646,-3.8046666666666673,284.262295081967,246.56084656084667,6.5,4.849206349206347,42.96,26.758095238095237,0.25,0.2366666666666666,1862.316,1034.147333333333,29.8333333333333,17.628306878306855,1.44,1.6266666666666667,9.36,7.6761904761904765,1.656,2.5500000000000003,143.8,153.66666666666666,-0.536107011014093,-0.3403538331936016,-0.22,-0.4833333333333333,5.65,7.346666666666667,0.36,0.36,1.0,0.6666666666666666,0.0,0.0,1.0,1.6666666666666667,1.56,1.82,5.0,5.666666666666667,-268.23003065748,951.1340313771432,399.444444444445,426.8518518518524,575.2,614.6666666666666,-3.85997047930147,-2.494879785114996,11.232,11.076,7.2,6.333333333333333,0.61,0.61,0.1179435424231,0.0614076790581149,-1.584,-2.6046666666666667,235.737704918033,251.91256830601097,4.33333333333333,5.055555555555554,22.6,29.386666666666667,0.25,0.25,812.47,1162.4186666666667,15.6944444444444,20.40740740740737,1.44,1.4400000000000002,6.24,7.28,2.592,2.28,143.8,159.16666666666669,-0.536107011014093,-0.6139217002166374,-0.22,0.45,5.65,5.656666666666666,0.36,0.34,1.0,0.6666666666666666,0.0,0.0,1.0,0.6666666666666666,1.56,2.02,5.0,3.333333333333333,-268.23003065748,-261.07576896299366,399.444444444445,477.2962962962967,575.2,550.0456140350877,-3.85997047930147,-4.522843052042687,11.232,14.936,7.2,7.333333333333333,0.61,0.6333333333333333,0.1179435424231,-0.3805364486288967,-1.584,3.478666666666667,235.737704918033,250.24670523947304,4.33333333333333,6.155555555555554,22.6,20.040350877192967,0.25,0.2933333333333333,812.47,900.5576666666666,15.6944444444444,16.762962962962934,1.44,1.223157894736842,6.24,6.738947368421054,2.592,2.488
270703491_FAD,16,4,7,0,0,0,0,0,1656,447,487,20,2,0,0,1,0,0,1,0,0,0,1,1,0,1,0,0,2,0,0,0,9,0,0,0,0,0,0,0,0,0,0,0,0,0,0,0,0,0,0,0,0,0,23,19,8,20,8,10,24,30,7,26,29,20,12,14,10,23,13,4,11,23,334,131.56666666666666,-0.3988613785451457,0.2477777777777777,5.684444444444444,0.3266666666666666,0.6666666666666666,0.0,0.1111111111111111,2.1333333333333333,1.8888888888888888,-220.5000539609457,432.09486161986166,476.8784026322103,-4.806906634750514,23.560666666666663,11.9,0.6099999999999999,-0.102703300992939,2.614888888888889,216.63616768100687,7.490438034188028,20.567861689702923,0.2833333333333333,767.3697777777777,18.57684930809933,1.2557293294705436,7.387113373272673,3.934444444444444,0.0,0.0,0.0,0.0,0.0,0.0,0.0,0.0,0.0,0.0,0.0,0.0,0.0,0.0,0.0,0.0,0.0,0.0,0.0,0.0,0.0,0.0,0.0,0.0,0.0,0.0,0.0,0.0,134.93473053892214,-0.3668160341466373,0.4096107784431138,6.135988023952095,0.2908682634730539,0.4580838323353293,0.059880239520958,0.3383233532934132,2.167215568862276,1.9431137724550895,96.43779634115128,487.5991119157709,467.5192181349268,-2.1822385098890504,18.18951497005988,12.905389221556888,0.5916167664670658,-0.2957289861609224,2.8506886227544905,227.99834199525208,7.744957253035714,22.43794112243065,0.300748502994012,848.4034790419162,24.01653471019079,1.057188072074958,6.787720928760934,3.2329281437125754,116.1,131.53333333333333,-0.0851281824599496,-0.1945116477108658,0.26,0.7866666666666666,5.6,5.793333333333333,0.21,0.31,1.0,0.3333333333333333,0.0,0.0,0.0,0.0,3.03,2.4166666666666665,3.0,1.0,-1363.8256643694,-427.9432182011217,552.857142857143,465.6031746031747,322.5,402.4847444698703,-0.936410007059446,-0.6348001605003853,33.33,26.238,11.0,12.2,0.57,0.6333333333333333,-0.0221333274395869,-0.4385250065360875,2.86,7.347999999999999,203.684210526316,206.41886957212037,14.4285714285714,9.092063492063485,15.5555555555556,19.0139418594796,0.36,0.3233333333333333,650.16,756.0796666666666,26.6666666666667,20.038095238095263,0.583333333333333,1.0662979913551995,8.41666666666667,7.239575387744726,2.31,4.05,116.1,136.4333333333333,-0.0851281824599496,-0.3121947122292078,0.26,0.5366666666666666,5.6,6.4366666666666665,0.21,0.25,1.0,0.3333333333333333,0.0,0.0,0.0,0.6666666666666666,3.03,3.23,3.0,2.0,-1363.8256643694,-702.7106178694144,552.857142857143,546.2610229276897,322.5,372.9603174603176,-0.936410007059446,-1.494368831304443,33.33,19.564,11.0,6.266666666666667,0.57,0.6333333333333333,-0.0221333274395869,-0.1533331600979621,2.86,2.381333333333333,203.684210526316,218.8888888888887,14.4285714285714,13.031746031746032,15.5555555555556,17.824867724867733,0.36,0.3833333333333333,650.16,890.3560000000001,26.6666666666667,25.814814814814834,0.583333333333333,0.6781179138321992,8.41666666666667,8.624376417233563,2.31,1.4720000000000002,168.6,124.43333333333332,0.227115082589125,0.1377104060260844,-0.99,-0.1399999999999999,9.99,7.233333333333333,0.32,0.3166666666666666,0.0,0.3333333333333333,0.0,0.0,1.0,0.3333333333333333,1.89,2.066666666666667,3.0,2.0,742.354924551686,-98.23582815921937,526.875,430.2281746031747,624.444444444444,444.0539452495973,0.772191280803026,1.5721263322756631,6.426,20.932,3.4,10.8,0.59,0.6033333333333334,-0.224843931763234,-0.0543075068795355,-3.366,1.6913333333333334,285.762711864407,208.58487156613836,5.90625,7.794146825396818,37.0,26.373590982286636,0.27,0.2866666666666667,1684.314,958.6066666666668,31.21875,24.14434523809527,1.18518518518519,1.198201825013421,7.0,6.993961352657006,1.088,3.6526666666666663
126446187_FAD,18,3,1,0,0,0,0,0,997,271,282,7,0,1,0,0,0,0,0,0,0,1,2,0,0,1,1,0,0,0,0,0,6,0,0,0,0,0,0,0,0,0,0,0,0,0,0,0,0,0,0,0,0,0,22,11,9,11,4,10,13,8,3,16,25,12,3,7,13,8,5,2,3,14,199,162.68333333333334,-0.3060247795830729,1.1166666666666665,6.888333333333333,0.3116666666666667,0.0,0.0,0.5,2.8866666666666667,1.1666666666666667,425.1094639276364,565.3547008547008,495.1226242921239,-3.745146945420081,15.801999999999998,5.766666666666667,0.6516666666666667,-0.7371492811749939,7.861666666666667,250.31110265987567,10.68119658119658,21.71183613154748,0.3399999999999999,1121.0021666666669,25.358119658119648,0.9657703873852872,8.495095302033283,2.073166666666667,0.0,0.0,0.0,0.0,0.0,0.0,0.0,0.0,0.0,0.0,0.0,0.0,0.0,0.0,0.0,0.0,0.0,0.0,0.0,0.0,0.0,0.0,0.0,0.0,0.0,0.0,0.0,0.0,136.41758793969848,-0.3354073074461079,0.4437688442211054,6.215427135678392,0.3043718592964823,0.4170854271356783,0.0351758793969849,0.3618090452261306,2.245678391959799,1.884422110552764,113.36668653835332,483.2471172230254,471.6244177615616,-3.272207636492058,17.95743216080402,11.064321608040204,0.6066834170854272,-0.2446375288864942,2.824592964824121,226.1314285005846,8.184467180875656,22.170897184443927,0.3023115577889447,866.7045979899498,23.30787979287271,1.1062558481492442,7.167246893944634,3.184105527638192,166.7,165.53333333333333,-0.616184634019569,-0.5619659955913496,1.8,1.6033333333333333,6.04,5.91,0.3,0.29,0.0,0.0,0.0,0.0,0.0,0.0,4.19,3.6,0.0,0.0,-270.535795273833,-327.90580585096933,555.666666666667,569.061728395062,370.444444444444,385.2985240879977,-1.41722465824501,-2.722099892722797,9.637,14.330333333333334,2.3,4.3,0.75,0.7300000000000001,-1.10913234123522,-0.9509422488033568,4.14,7.134666666666667,222.266666666667,228.5806329549363,13.9666666666667,12.4530864197531,13.4222222222222,13.542996379838463,0.45,0.44,1006.868,975.467,20.1333333333333,20.443209876543204,0.666666666666667,0.6690535863468193,9.31111111111111,8.17924971158054,0.69,1.26,166.7,166.7,-0.616184634019569,-0.7235838972414678,1.8,1.7333333333333334,6.04,6.04,0.3,0.36,0.0,0.0,0.0,0.0,0.0,0.0,4.19,3.123333333333333,0.0,0.0,-270.535795273833,-233.155169017083,555.666666666667,470.179487179487,370.444444444444,481.9761051373953,-1.41722465824501,-5.65429841176445,9.637,20.479,2.3,7.433333333333334,0.75,0.7166666666666667,-1.10913234123522,-1.2506321131111466,4.14,12.713333333333331,222.266666666667,232.8507936507937,13.9666666666667,9.082905982905991,13.4222222222222,17.463321385902,0.45,0.3566666666666667,1006.868,1006.868,20.1333333333333,17.035897435897436,0.666666666666667,1.0609318996415755,9.31111111111111,8.673596176821983,0.69,2.83,166.7,148.7,-0.777283528852417,-0.1671884957681747,1.7,1.3733333333333333,6.04,6.293333333333333,0.39,0.3033333333333333,0.0,0.0,0.0,0.0,0.0,0.0,2.59,2.6166666666666667,0.0,0.0,-214.464855888708,-107.30077701090568,427.435897435897,573.9316239316237,537.741935483871,468.9848197343453,-7.77283528852417,-5.14679014000277,25.9,17.355666666666668,10.0,6.7,0.7,0.6233333333333333,-1.32138199904911,-0.6282009558033327,17.0,11.357333333333337,238.142857142857,238.690982776089,6.64102564102564,11.27350427350426,19.4838709677419,19.6559139784946,0.31,0.32,1006.868,926.6986666666668,15.4871794871795,27.760683760683765,1.25806451612903,0.9661606578115104,8.35483870967742,8.18753953194181,3.9,2.6043333333333334
403509661_FAD,9,3,4,0,3,0,1,0,700,202,220,8,0,0,1,0,0,0,1,1,0,0,0,1,0,1,0,0,0,0,0,0,5,0,0,0,0,0,0,1,0,0,0,0,0,0,0,0,0,0,0,0,0,1,18,9,5,7,3,4,10,13,2,8,10,9,5,3,6,13,8,0,3,17,153,134.22,-0.3915802487649585,-0.088,6.268000000000001,0.276,0.6,0.0,0.4,1.598,2.4,67.60478779704502,499.00796703296703,540.5063871800714,-1.7641467271151572,14.6812,15.62,0.522,-0.0775218646626706,-1.3892000000000002,252.94033035629175,5.407916666666666,27.34767372977898,0.246,859.4884,27.04316391941391,1.1591741981215675,5.887628161312373,3.2080000000000006,138.4,-1.22184874961636,-0.64,3.09,0.42,2.0,0.0,0.0,1.56,4.0,-113.270975678009,329.52380952381,659.047619047619,-9.89697487189249,12.636,8.1,0.63,0.781983199754468,-5.184,219.68253968254,3.71428571428571,14.7142857142857,0.21,427.656,7.35714285714286,2.0,7.42857142857143,3.402,127.45751633986929,-0.221770571854071,0.3216339869281046,6.20875816993464,0.2899346405228758,0.4379084967320261,0.0522875816993464,0.3202614379084967,2.1041176470588234,1.8954248366013071,109.26832909570705,470.3499664936436,448.0612159308618,-0.7648046384957904,18.31368627450981,13.307189542483655,0.5890196078431373,-0.1592841782071999,2.245464052287581,217.76950458406145,7.75095634511732,22.9159660802376,0.2990849673202614,812.9655620915032,24.535565657772377,1.070278049938757,6.62735623227184,3.4209411764705875,138.4,167.23333333333335,-1.22184874961636,-0.6467491019302348,-0.64,0.0466666666666667,3.09,6.5,0.42,0.36,2.0,0.6666666666666666,0.0,0.0,0.0,1.0,1.56,2.28,4.0,3.6666666666666665,-113.270975678009,1009.94131139812,329.52380952381,481.3968253968257,659.047619047619,617.4614870509607,-9.89697487189249,-5.170087155386553,12.636,15.248,8.1,6.766666666666666,0.63,0.64,0.781983199754468,-0.2157257595500924,-5.184,1.2579999999999998,219.68253968254,261.06984688228664,3.71428571428571,6.671428571428571,14.7142857142857,24.198446115288203,0.21,0.2799999999999999,427.656,1122.235,7.35714285714286,18.696825396825385,2.0,1.4098245614035088,7.42857142857143,8.17513784461153,3.402,2.446,138.4,140.73333333333332,-1.22184874961636,-0.686039344921069,-0.64,0.12,3.09,4.92,0.42,0.3499999999999999,2.0,1.0,0.0,0.0,0.0,0.3333333333333333,1.56,2.2633333333333336,4.0,3.0,-113.270975678009,-282.6384610135144,329.52380952381,415.828924162258,659.047619047619,506.65396825396834,-9.89697487189249,-4.885810724530741,12.636,11.626,8.1,6.1000000000000005,0.63,0.6666666666666666,0.781983199754468,0.1779095892452026,-5.184,-1.036,219.68253968254,213.21025697212067,3.71428571428571,7.213403880070547,14.7142857142857,16.533333333333335,0.21,0.3166666666666666,427.656,694.3086666666667,7.35714285714286,15.115961199294524,2.0,1.3303401360544218,7.42857142857143,7.05278911564626,3.402,2.268,168.6,140.36666666666667,0.227115082589125,-0.5719933553581353,-0.99,-0.7433333333333333,9.99,6.533333333333332,0.32,0.3166666666666666,0.0,1.0,0.0,0.0,1.0,0.6666666666666666,1.89,1.6833333333333336,3.0,4.0,742.354924551686,156.96186179563037,526.875,466.577380952381,624.444444444444,600.7094757094757,0.772191280803026,-7.849903857344287,6.426,17.020666666666667,3.4,10.5,0.59,0.5499999999999999,-0.224843931763234,0.3299623691398456,-3.366,-6.8500000000000005,285.762711864407,256.9313629187497,5.90625,5.746527777777776,37.0,27.1168831168831,0.27,0.2333333333333333,1684.314,951.9673333333334,31.21875,23.207837301587286,1.18518518518519,1.3799102132435486,7.0,7.233766233766233,1.088,2.896666666666667
403509661_FMN,13,5,4,0,0,0,1,0,700,202,220,8,0,1,1,0,0,1,1,0,0,0,0,0,0,1,0,0,1,0,0,1,7,0,0,1,0,0,0,0,0,0,0,0,0,0,0,0,0,0,0,0,0,1,18,9,5,7,3,4,10,13,2,8,10,9,5,3,6,13,8,0,3,17,153,145.1,-0.5118415960635245,0.1142857142857143,6.184285714285713,0.3042857142857142,0.7142857142857143,0.0,0.7142857142857143,2.3857142857142857,3.4285714285714284,110.4507855679485,494.0491307634167,507.77644435764745,-5.090293822266033,19.045142857142856,8.785714285714286,0.6128571428571429,-0.0692595998114887,-0.4700000000000003,238.88440280232857,8.569690098261523,21.810424546214016,0.3085714285714286,916.581,21.685071806500364,1.1083389828932255,7.706371913085126,2.4642857142857144,114.1,-0.721246399047171,-0.6,6.52,0.21,1.0,0.0,1.0,1.6,5.0,-158.198363486786,543.333333333333,518.636363636364,-14.4249279809434,32.0,20.0,0.43,0.432747839428303,-12.0,265.348837209302,7.61904761904762,29.6363636363636,0.22,743.932,31.047619047619,0.954545454545455,7.27272727272727,4.2,127.45751633986929,-0.221770571854071,0.3216339869281046,6.20875816993464,0.2899346405228758,0.4379084967320261,0.0522875816993464,0.3202614379084967,2.1041176470588234,1.8954248366013071,109.26832909570705,470.3499664936436,448.0612159308618,-0.7648046384957904,18.31368627450981,13.307189542483655,0.5890196078431373,-0.1592841782071999,2.245464052287581,217.76950458406145,7.75095634511732,22.9159660802376,0.2990849673202614,812.9655620915032,24.535565657772377,1.070278049938757,6.62735623227184,3.4209411764705875,189.9,131.66666666666666,-0.769551078621726,-0.1043666723783648,1.79,0.6699999999999999,5.67,5.656666666666666,0.3,0.2366666666666666,0.0,0.6666666666666666,0.0,0.0,0.0,0.0,2.94,2.4266666666666663,0.0,2.0,-246.767245574021,-482.0862315950324,633.0,543.6190476190477,499.736842105263,380.031328320802,-5.84858819752512,2.2514942980266444,22.344,29.474666666666668,7.6,14.533333333333331,0.68,0.5766666666666667,-1.37749643073289,-0.4737643093101134,13.604,5.1546666666666665,279.264705882353,222.78852769177865,9.8,10.2595238095238,14.9210526315789,16.9445836814258,0.38,0.34,1076.733,744.7310000000001,18.9,24.688888888888897,0.789473684210526,0.6956975772765244,7.73684210526316,6.94402673350042,2.28,3.1966666666666668,114.1,157.53333333333333,-0.721246399047171,-0.4212274650265906,-0.6,0.0666666666666666,6.52,7.393333333333333,0.21,0.2766666666666666,1.0,0.3333333333333333,0.0,0.0,1.0,0.6666666666666666,1.6,2.143333333333333,5.0,2.6666666666666665,-158.198363486786,112.46310516362637,543.333333333333,567.736111111111,518.636363636364,547.605883395357,-14.4249279809434,-6.500441632555165,32.0,20.256666666666668,20.0,10.333333333333334,0.43,0.5666666666666668,0.432747839428303,-0.3898641743559403,-12.0,-0.5873333333333336,265.348837209302,276.792084985354,7.61904761904762,7.775099206349207,29.6363636363636,27.1858054226475,0.22,0.29,743.932,1168.3263333333334,31.047619047619,27.05545634920633,0.954545454545455,0.9764014413137238,7.27272727272727,7.33652312599681,4.2,2.522666666666667,138.4,167.23333333333335,-1.22184874961636,-0.6467491019302348,-0.64,0.0466666666666667,3.09,6.5,0.42,0.36,2.0,0.6666666666666666,0.0,0.0,0.0,1.0,1.56,2.28,4.0,3.6666666666666665,-113.270975678009,1009.94131139812,329.52380952381,481.3968253968257,659.047619047619,617.4614870509607,-9.89697487189249,-5.170087155386553,12.636,15.248,8.1,6.766666666666666,0.63,0.64,0.781983199754468,-0.2157257595500924,-5.184,1.2579999999999998,219.68253968254,261.06984688228664,3.71428571428571,6.671428571428571,14.7142857142857,24.198446115288203,0.21,0.2799999999999999,427.656,1122.235,7.35714285714286,18.696825396825385,2.0,1.4098245614035088,7.42857142857143,8.17513784461153,3.402,2.446
270703491_FMN,16,3,4,0,0,0,0,0,1656,447,487,20,2,1,0,1,0,0,0,1,0,0,0,1,0,1,0,0,2,0,0,0,9,0,0,0,0,0,0,0,0,0,0,0,0,0,0,0,0,0,0,0,0,0,23,19,8,20,8,10,24,30,7,26,29,20,12,14,10,23,13,4,11,23,334,123.61111111111111,-0.1124264116798682,0.0177777777777777,6.537777777777778,0.2911111111111111,0.4444444444444444,0.0,0.4444444444444444,1.9322222222222225,2.2222222222222223,205.22256672632773,452.8742673992674,465.4869706472299,-0.5310535350108686,20.474888888888888,14.733333333333333,0.5611111111111112,-0.0485105508126293,0.7857777777777778,221.20058494760983,7.062070105820101,26.0376961324406,0.2699999999999999,855.4363333333333,24.541440272690288,1.1500184573080587,6.673401135689466,3.870444444444445,0.0,0.0,0.0,0.0,0.0,0.0,0.0,0.0,0.0,0.0,0.0,0.0,0.0,0.0,0.0,0.0,0.0,0.0,0.0,0.0,0.0,0.0,0.0,0.0,0.0,0.0,0.0,0.0,134.93473053892214,-0.3668160341466373,0.4096107784431138,6.135988023952095,0.2908682634730539,0.4580838323353293,0.059880239520958,0.3383233532934132,2.167215568862276,1.9431137724550895,96.43779634115128,487.5991119157709,467.5192181349268,-2.1822385098890504,18.18951497005988,12.905389221556888,0.5916167664670658,-0.2957289861609224,2.8506886227544905,227.99834199525208,7.744957253035714,22.43794112243065,0.300748502994012,848.4034790419162,24.01653471019079,1.057188072074958,6.787720928760934,3.2329281437125754,116.1,131.9333333333333,-0.0851281824599496,-0.4260765010846716,0.26,-0.5,5.6,6.18,0.21,0.26,1.0,1.0,0.0,0.0,0.0,0.3333333333333333,3.03,2.1733333333333333,3.0,3.333333333333333,-1363.8256643694,-233.23275160616177,552.857142857143,508.0440476190477,322.5,500.8148148148146,-0.936410007059446,-9.52284893130674,33.33,23.918666666666667,11.0,11.466666666666669,0.57,0.5366666666666666,-0.0221333274395869,0.2821964571340797,2.86,-5.3020000000000005,203.684210526316,245.44527042653732,14.4285714285714,8.911607142857134,15.5555555555556,22.4351851851852,0.36,0.2766666666666666,650.16,887.4063333333334,26.6666666666667,23.228472222222237,0.583333333333333,1.0061728395061744,8.41666666666667,7.805555555555557,2.31,2.799333333333333,60.1,141.13333333333333,0.527629900871339,-0.0635895517676685,0.0,0.26,6.07,7.493333333333335,0.13,0.2633333333333333,0.0,0.0,0.0,0.0,0.0,1.0,0.0,1.7599999999999998,0.0,2.333333333333333,113.905599172355,1085.6668363482413,462.307692307692,525.6581196581196,400.666666666667,531.3345029239767,20.5775661339822,4.988093179905011,0.0,11.036,39.0,17.066666666666666,0.28,0.5233333333333333,0.0,-0.476386826134915,0.0,2.9859999999999998,214.642857142857,259.38995270239235,0.0,5.433333333333334,40.4666666666667,32.7825730994152,0.15,0.26,364.807,1101.2853333333333,46.6923076923077,31.808547008547,0.866666666666667,1.032046783625731,0.0,5.698947368421053,5.07,3.002,189.9,112.86666666666667,-0.769551078621726,0.0097410467328969,1.79,0.7000000000000001,5.67,5.95,0.3,0.2833333333333333,0.0,0.0,0.0,0.0,0.0,0.0,2.94,1.4066666666666665,0.0,0.0,-246.767245574021,64.63386964613,633.0,435.4200244200243,499.736842105263,428.540300025426,-5.84858819752512,6.53652521984683,22.344,15.128,7.6,21.53333333333333,0.68,0.5366666666666667,-1.37749643073289,-0.4311472307228919,13.604,6.394666666666666,279.264705882353,210.071751777634,9.8,4.282539682539684,14.9210526315789,27.3176455631833,0.38,0.2533333333333333,1076.733,660.962,18.9,26.713308913308936,0.789473684210526,1.1607424357996443,7.73684210526316,4.43401983218917,2.28,4.97
A0A2T9WMP3_FAD,6,0,4,0,0,0,0,0,1693,476,495,16,0,0,0,0,0,0,2,1,0,0,0,0,0,0,0,0,0,1,0,0,4,0,0,0,0,0,0,0,0,0,0,0,0,0,0,0,0,0,0,0,0,0,40,25,6,8,8,9,31,19,10,12,39,18,8,9,16,32,14,6,13,19,342,141.175,-0.7757885604296302,0.2425,4.5475,0.3225,1.0,0.0,0.25,1.5825,2.25,-76.13368224987575,458.307577838828,565.2857142857142,-0.9318282136399832,9.3675,14.75,0.5700000000000001,-0.2767446370111585,-0.4544999999999999,240.46144358644372,4.364955357142855,21.0095238095238,0.2475,643.31275,19.99227335164836,1.4071428571428573,5.625,3.2725,0.0,0.0,0.0,0.0,0.0,0.0,0.0,0.0,0.0,0.0,0.0,0.0,0.0,0.0,0.0,0.0,0.0,0.0,0.0,0.0,0.0,0.0,0.0,0.0,0.0,0.0,0.0,0.0,134.35058479532165,-0.3033648506232428,0.3750292397660818,6.26625730994152,0.3037426900584796,0.4444444444444444,0.0467836257309941,0.391812865497076,2.115204678362573,2.038011695906433,180.57191773771265,475.609056572202,470.1372767137465,-1.4708946089175647,18.790859649122805,12.319590643274852,0.5996198830409356,-0.2898949921822216,3.4745555555555554,223.90590015430357,7.636330676125365,22.783639648703577,0.2958771929824562,862.179941520468,23.67826460432017,1.1217155135182966,6.87551199689265,3.4036783625730997,138.4,178.26666666666668,-1.22184874961636,-0.7272734367947917,-0.64,0.2066666666666666,3.09,6.340000000000001,0.42,0.3533333333333333,2.0,0.6666666666666666,0.0,0.0,0.0,0.6666666666666666,1.56,2.22,4.0,2.6666666666666665,-113.270975678009,145.728524019279,329.52380952381,522.7579365079367,659.047619047619,608.6243386243383,-9.89697487189249,-4.545237611948871,12.636,10.42,8.1,5.1,0.63,0.6533333333333333,0.781983199754468,-0.7046018931874453,-5.184,1.480297366166875e-16,219.68253968254,271.09436312826165,3.71428571428571,6.550595238095236,14.7142857142857,21.95238095238093,0.21,0.3,427.656,1155.034,7.35714285714286,19.046130952380956,2.0,1.315696649029984,7.42857142857143,7.357142857142857,3.402,1.902,138.4,148.46666666666667,-1.22184874961636,-0.738860805547865,-0.64,-0.7566666666666667,3.09,5.390000000000001,0.42,0.3866666666666666,2.0,1.3333333333333333,0.0,0.0,0.0,0.3333333333333333,1.56,1.67,4.0,3.6666666666666665,-113.270975678009,171.93765773188937,329.52380952381,395.30753968254,659.047619047619,647.5132275132274,-9.89697487189249,-6.340586154327319,12.636,10.566,8.1,6.533333333333334,0.63,0.6166666666666667,0.781983199754468,0.4463741559152339,-5.184,-4.578,219.68253968254,241.70926374316232,3.71428571428571,4.444940476190474,14.7142857142857,22.14285714285713,0.21,0.2299999999999999,427.656,846.542,7.35714285714286,15.311011904761909,2.0,1.7283950617283967,7.42857142857143,7.285714285714287,3.402,2.630666666666667,138.4,168.20000000000002,-1.22184874961636,-1.2102613808632867,-0.64,0.3233333333333333,3.09,4.04,0.42,0.3866666666666666,2.0,1.3333333333333333,0.0,0.0,0.0,0.3333333333333333,1.56,2.11,4.0,3.0,-113.270975678009,-139.48010939061933,329.52380952381,456.9742063492067,659.047619047619,620.15873015873,-9.89697487189249,-8.101626329514042,12.636,12.49,8.1,6.666666666666667,0.63,0.6666666666666666,0.781983199754468,-0.3689928493482113,-5.184,-0.6059999999999999,219.68253968254,249.06763906763933,3.71428571428571,5.819940476190474,14.7142857142857,14.5238095238095,0.21,0.2799999999999999,427.656,736.148,7.35714285714286,11.092261904761909,2.0,1.5873015873015872,7.42857142857143,7.5,3.402,2.6733333333333333
427325950_FAD,11,3,3,0,0,0,0,0,1188,347,338,5,0,1,0,0,0,2,1,0,0,0,0,0,0,2,0,0,0,0,0,0,6,0,0,0,0,0,0,0,0,0,0,0,0,0,0,0,0,0,0,0,0,0,22,21,9,13,1,10,18,11,13,12,26,5,4,9,8,11,8,4,8,17,230,163.20000000000002,-0.630335401073436,0.2483333333333333,6.078333333333333,0.35,0.6666666666666666,0.0,0.8333333333333334,2.15,3.5,374.43277121756313,479.3465608465612,583.7535505430242,-4.84646510371462,15.092,7.05,0.6366666666666667,-0.2981311040894945,2.3683333333333327,255.65827606087976,6.413492063492062,22.11939849624058,0.2866666666666667,1011.3963333333336,17.72989417989416,1.3164912280701755,7.457042606516292,2.467,0.0,0.0,0.0,0.0,0.0,0.0,0.0,0.0,0.0,0.0,0.0,0.0,0.0,0.0,0.0,0.0,0.0,0.0,0.0,0.0,0.0,0.0,0.0,0.0,0.0,0.0,0.0,0.0,138.8691304347826,-0.4293009997384686,0.375695652173913,6.212260869565218,0.3067826086956522,0.4695652173913043,0.0217391304347826,0.508695652173913,2.254391304347826,2.208695652173913,183.80516611966425,479.94410152660487,484.65325890127167,-3.324523606825396,18.283165217391304,11.246086956521738,0.605086956521739,-0.2685204462934155,2.1211478260869567,230.2118693883008,7.911671078524507,22.488417682355752,0.298304347826087,884.028991304348,22.609758174159964,1.1246491475536575,7.296947972386234,3.183730434782609,143.8,153.66666666666666,-0.536107011014093,-0.3403538331936016,-0.22,-0.4833333333333333,5.65,7.346666666666667,0.36,0.36,1.0,0.6666666666666666,0.0,0.0,1.0,1.6666666666666667,1.56,1.82,5.0,5.666666666666667,-268.23003065748,951.1340313771432,399.444444444445,426.8518518518524,575.2,614.6666666666666,-3.85997047930147,-2.494879785114996,11.232,11.076,7.2,6.333333333333333,0.61,0.61,0.1179435424231,0.0614076790581149,-1.584,-2.6046666666666667,235.737704918033,251.91256830601097,4.33333333333333,5.055555555555554,22.6,29.386666666666667,0.25,0.25,812.47,1162.4186666666667,15.6944444444444,20.40740740740737,1.44,1.4400000000000002,6.24,7.28,2.592,2.28,143.8,143.8,-0.536107011014093,-0.536107011014093,-0.22,-0.22,5.65,5.650000000000001,0.36,0.36,1.0,1.0,0.0,0.0,1.0,1.0,1.56,1.5599999999999998,5.0,5.0,-268.23003065748,-268.23003065748,399.444444444445,399.444444444445,575.2,575.2,-3.85997047930147,-3.85997047930147,11.232,11.232,7.2,7.2,0.61,0.61,0.1179435424231,0.1179435424231,-1.584,-1.5840000000000003,235.737704918033,235.73770491803305,4.33333333333333,4.33333333333333,22.6,22.600000000000005,0.25,0.25,812.47,812.4699999999999,15.6944444444444,15.6944444444444,1.44,1.4400000000000002,6.24,6.239999999999999,2.592,2.592,143.8,159.16666666666669,-0.536107011014093,-0.6139217002166374,-0.22,0.45,5.65,5.656666666666666,0.36,0.34,1.0,0.6666666666666666,0.0,0.0,1.0,0.6666666666666666,1.56,2.02,5.0,3.333333333333333,-268.23003065748,-261.07576896299366,399.444444444445,477.2962962962967,575.2,550.0456140350877,-3.85997047930147,-4.522843052042687,11.232,14.936,7.2,7.333333333333333,0.61,0.6333333333333333,0.1179435424231,-0.3805364486288967,-1.584,3.478666666666667,235.737704918033,250.24670523947304,4.33333333333333,6.155555555555554,22.6,20.040350877192967,0.25,0.2933333333333333,812.47,900.5576666666666,15.6944444444444,16.762962962962934,1.44,1.223157894736842,6.24,6.738947368421054,2.592,2.488
